{
	"info": {
		"_postman_id": "63497fb2-a049-4ddc-9bf3-537c0ebf4f01",
		"name": "OMDB",
		"schema": "https://schema.getpostman.com/json/collection/v2.1.0/collection.json"
	},
	"item": [
		{
			"name": "Buscar cantidad de peliculas Cars",
			"request": {
				"method": "GET",
				"header": [],
				"url": {
					"raw": "https://www.omdbapi.com/?i=tt3896198&apikey=7b3d07eb&s=cars",
					"protocol": "https",
					"host": [
						"www",
						"omdbapi",
						"com"
					],
					"path": [
						""
					],
					"query": [
						{
							"key": "i",
							"value": "tt3896198"
						},
						{
							"key": "apikey",
							"value": "7b3d07eb"
						},
						{
							"key": "s",
							"value": "cars"
						}
					]
				}
			},
			"response": []
		},
		{
			"name": "Buscar hunger",
			"request": {
				"method": "GET",
				"header": [],
				"url": {
					"raw": "https://www.omdbapi.com/?i=tt3896198&apikey=7b3d07eb&t=hunger",
					"protocol": "https",
					"host": [
						"www",
						"omdbapi",
						"com"
					],
					"path": [
						""
					],
					"query": [
						{
							"key": "i",
							"value": "tt3896198"
						},
						{
							"key": "apikey",
							"value": "7b3d07eb"
						},
						{
							"key": "t",
							"value": "hunger"
						}
					]
				}
			},
			"response": []
		},
		{
			"name": "Buscar cosas de Rocky IV",
			"request": {
				"method": "GET",
				"header": [],
				"url": {
					"raw": "https://www.omdbapi.com/?i=tt3896198&apikey=7b3d07eb&t=Rocky IV",
					"protocol": "https",
					"host": [
						"www",
						"omdbapi",
						"com"
					],
					"path": [
						""
					],
					"query": [
						{
							"key": "i",
							"value": "tt3896198"
						},
						{
							"key": "apikey",
							"value": "7b3d07eb"
						},
						{
							"key": "t",
							"value": "Rocky IV"
						}
					]
				}
			},
			"response": []
		},
		{
			"name": "Buscar cosas por ID",
			"request": {
				"method": "GET",
				"header": [],
				"url": {
					"raw": "https://www.omdbapi.com/?apikey=7b3d07eb&i=tt0067992",
					"protocol": "https",
					"host": [
						"www",
						"omdbapi",
						"com"
					],
					"path": [
						""
					],
					"query": [
						{
							"key": "apikey",
							"value": "7b3d07eb"
						},
						{
							"key": "i",
							"value": "tt0067992"
						}
					]
				}
			},
			"response": []
		},
		{
			"name": "Buscar cosas de Monster Inc",
			"request": {
				"method": "GET",
				"header": [],
				"url": {
					"raw": "https://www.omdbapi.com/?i=tt3896198&apikey=7b3d07eb&t=Monsters, Inc.",
					"protocol": "https",
					"host": [
						"www",
						"omdbapi",
						"com"
					],
					"path": [
						""
					],
					"query": [
						{
							"key": "i",
							"value": "tt3896198"
						},
						{
							"key": "apikey",
							"value": "7b3d07eb"
						},
						{
							"key": "t",
							"value": "Monsters, Inc."
						}
					]
				}
			},
			"response": []
		}
	]
}