{
	"info": {
		"_postman_id": "d27020b4-dd15-4b26-a6c4-c90c50bfc878",
		"name": "POKE API",
		"schema": "https://schema.getpostman.com/json/collection/v2.1.0/collection.json"
	},
	"item": [
		{
			"name": "pikachu",
			"request": {
				"method": "GET",
				"header": [],
				"url": {
					"raw": "https://pokeapi.co/api/v2/pokemon/pikachu",
					"protocol": "https",
					"host": [
						"pokeapi",
						"co"
					],
					"path": [
						"api",
						"v2",
						"pokemon",
						"pikachu"
					]
				}
			},
			"response": []
		},
		{
			"name": "Cantidad diferentes type pokemon",
			"request": {
				"method": "GET",
				"header": [],
				"url": {
					"raw": "https://pokeapi.co/api/v2/type/",
					"protocol": "https",
					"host": [
						"pokeapi",
						"co"
					],
					"path": [
						"api",
						"v2",
						"type",
						""
					]
				}
			},
			"response": []
		},
		{
			"name": "Charizard",
			"request": {
				"method": "GET",
				"header": [],
				"url": {
					"raw": "https://pokeapi.co/api/v2/pokemon/charizard",
					"protocol": "https",
					"host": [
						"pokeapi",
						"co"
					],
					"path": [
						"api",
						"v2",
						"pokemon",
						"charizard"
					]
				}
			},
			"response": []
		},
		{
			"name": "Bulbasaur",
			"request": {
				"method": "GET",
				"header": [],
				"url": {
					"raw": "https://pokeapi.co/api/v2/pokemon/bulbasaur",
					"protocol": "https",
					"host": [
						"pokeapi",
						"co"
					],
					"path": [
						"api",
						"v2",
						"pokemon",
						"bulbasaur"
					]
				}
			},
			"response": []
		}
	]
}